SOC,PT,Drug,Dsize,Placebo,Psize
感染症および寄生虫症,鼻咽頭炎,93,219,116,219
感染症および寄生虫症,インフルエンザ,57,219,68,219
感染症および寄生虫症,咽頭炎,51,219,54,219
感染症および寄生虫症,急性副鼻腔炎,30,219,30,219
感染症および寄生虫症,胃腸炎,23,219,15,219
感染症および寄生虫症,気管支炎,13,219,20,219
感染症および寄生虫症,上気道感染,11,219,16,219
感染症および寄生虫症,レンサ球菌感染,9,219,13,219
感染症および寄生虫症,急性扁桃炎,8,219,4,219
感染症および寄生虫症,中耳炎,8,219,9,219
感染症および寄生虫症,鼻炎,7,219,4,219
感染症および寄生虫症,外耳炎,5,219,7,219
感染症および寄生虫症,ムンプス,4,219,1,219
感染症および寄生虫症,急性中耳炎,4,219,6,219
感染症および寄生虫症,結膜炎,3,219,4,219
感染症および寄生虫症,喉頭炎,3,219,0,219
感染症および寄生虫症,耳下腺炎,3,219,1,219
感染症および寄生虫症,口腔ヘルペス,3,219,1,219
眼障害,眼瞼炎,3,219,1,219
感染症および寄生虫症,麦粒腫,2,219,7,219
感染症および寄生虫症,マイコプラズマ性肺炎,2,219,1,219
傷害、中毒および処置合併症,節足動物咬傷,3,219,1,219
感染症および寄生虫症,副鼻腔炎,2,219,5,219
感染症および寄生虫症,扁桃炎,2,219,3,219
感染症および寄生虫症,せつ,2,219,0,219
感染症および寄生虫症,唾液腺炎,2,219,0,219
感染症および寄生虫症,アデノイド咽頭炎,2,219,0,219
感染症および寄生虫症,ノロウイルス性胃腸炎,2,219,0,219
神経系障害,浮動性めまい,2,219,0,219
感染症および寄生虫症,歯肉炎,1,219,3,219
耳および迷路障害,回転性めまい,2,219,0,219
心臓障害,動悸,2,219,0,219
感染症および寄生虫症,膿痂疹,1,219,3,219
感染症および寄生虫症,鼻前庭炎,1,219,2,219
感染症および寄生虫症,肺炎,1,219,2,219
呼吸器、胸郭および縦隔障害,鼻漏,2,219,0,219
胃腸障害,口の感覚鈍麻,2,219,0,219
胃腸障害,口の錯感覚,2,219,0,219
胃腸障害,口唇そう痒症,2,219,0,219
一般・全身障害および投与部位の状態,胸痛,2,219,0,219
臨床検査,白血球数減少,2,219,0,219
傷害、中毒および処置合併症,前腕骨折,2,219,0,219
感染症および寄生虫症,β溶血性レンサ球菌感染,1,219,3,219
感染症および寄生虫症,感染性腸炎,1,219,1,219
感染症および寄生虫症,アデノウイルス感染,1,219,3,219
感染症および寄生虫症,感染性皮膚炎,1,219,0,219
感染症および寄生虫症,化膿,1,219,1,219
感染症および寄生虫症,感染性下痢,1,219,0,219
感染症および寄生虫症,異型肺炎,0,219,1,219
感染症および寄生虫症,慢性副鼻腔炎,0,219,1,219
感染症および寄生虫症,伝染性紅斑,0,219,1,219
感染症および寄生虫症,毛包炎,0,219,1,219
感染症および寄生虫症,シラミ寄生,0,219,1,219
感染症および寄生虫症,伝染性軟属腫,0,219,1,219
感染症および寄生虫症,レンサ球菌性咽頭炎,0,219,2,219
感染症および寄生虫症,ウイルス性発疹,0,219,1,219
感染症および寄生虫症,ウイルス性扁桃炎,0,219,1,219
感染症および寄生虫症,細菌感染,0,219,1,219
感染症および寄生虫症,マイコプラズマ感染,0,219,1,219
感染症および寄生虫症,細菌性結膜炎,0,219,3,219
良性、悪性および詳細不明の新生物（嚢胞およびポリープを含む）,皮膚乳頭腫,4,219,7,219
良性、悪性および詳細不明の新生物（嚢胞およびポリープを含む）,メラノサイト性母斑,0,219,1,219
血液およびリンパ系障害,リンパ節炎,4,219,1,219
感染症および寄生虫症,ウイルス性胃腸炎,1,219,0,219
免疫系障害,季節性アレルギー,11,219,12,219
免疫系障害,食物アレルギー,0,219,1,219
感染症および寄生虫症,ヘルパンギーナ,1,219,0,219
感染症および寄生虫症,ヘルペスウイルス感染,1,219,0,219
感染症および寄生虫症,皮膚感染,1,219,0,219
感染症および寄生虫症,マイコプラズマ性気管気管支炎,1,219,0,219
神経系障害,頭痛,10,219,10,219
感染症および寄生虫症,水痘,1,219,0,219
感染症および寄生虫症,ウイルス感染,1,219,0,219
感染症および寄生虫症,副鼻腔気管支炎,1,219,0,219
感染症および寄生虫症,仮性クループ,1,219,0,219
感染症および寄生虫症,膿痂疹性湿疹,1,219,0,219
神経系障害,熱性痙攣,0,219,1,219
神経系障害,片頭痛,0,219,1,219
神経系障害,外傷後頭痛,0,219,1,219
眼障害,眼そう痒症,4,219,2,219
感染症および寄生虫症,細菌性胃腸炎,1,219,0,219
眼障害,霰粒腫,1,219,3,219
感染症および寄生虫症,軟骨膜炎,1,219,0,219
血液およびリンパ系障害,貧血,1,219,0,219
代謝および栄養障害,食欲減退,1,219,0,219
眼障害,眼充血,1,219,1,219
精神障害,強迫性障害,1,219,0,219
眼障害,結膜浮腫,0,219,1,219
眼障害,眼瞼浮腫,0,219,2,219
眼障害,流涙増加,0,219,1,219
眼障害,仮性近視,0,219,1,219
耳および迷路障害,耳そう痒症,27,219,1,219
精神障害,チック,1,219,0,219
精神障害,心因性嘔吐,1,219,0,219
耳および迷路障害,耳痛,1,219,1,219
神経系障害,知覚過敏,1,219,0,219
神経系障害,感覚鈍麻,1,219,0,219
耳および迷路障害,感音性難聴,0,219,1,219
耳および迷路障害,乗物酔い,0,219,1,219
神経系障害,失神寸前の状態,1,219,0,219
呼吸器、胸郭および縦隔障害,咽喉刺激感,33,219,4,219
呼吸器、胸郭および縦隔障害,口腔咽頭不快感,19,219,3,219
呼吸器、胸郭および縦隔障害,鼻出血,15,219,9,219
呼吸器、胸郭および縦隔障害,咳嗽,13,219,4,219
呼吸器、胸郭および縦隔障害,口腔咽頭痛,12,219,2,219
呼吸器、胸郭および縦隔障害,喘息,7,219,5,219
呼吸器、胸郭および縦隔障害,喉頭不快感,6,219,1,219
呼吸器、胸郭および縦隔障害,呼吸困難,3,219,0,219
呼吸器、胸郭および縦隔障害,咽頭浮腫,3,219,0,219
呼吸器、胸郭および縦隔障害,上気道の炎症,3,219,2,219
呼吸器、胸郭および縦隔障害,喉頭刺激感,3,219,0,219
神経系障害,緊張性頭痛,1,219,0,219
眼障害,角膜びらん,1,219,0,219
眼障害,眼乾燥,1,219,0,219
眼障害,眼痛,1,219,0,219
眼障害,結膜充血,1,219,0,219
呼吸器、胸郭および縦隔障害,アレルギー性気管支炎,1,219,1,219
耳および迷路障害,難聴,1,219,0,219
呼吸器、胸郭および縦隔障害,小児喘息,0,219,1,219
呼吸器、胸郭および縦隔障害,口腔咽頭水疱形成,0,219,1,219
胃腸障害,口腔そう痒症,47,219,4,219
胃腸障害,口腔浮腫,36,219,0,219
胃腸障害,口腔腫脹,22,219,1,219
胃腸障害,腹痛,19,219,5,219
胃腸障害,口内炎,15,219,20,219
胃腸障害,嘔吐,12,219,3,219
胃腸障害,口腔内不快感,10,219,2,219
胃腸障害,口唇腫脹,9,219,0,219
胃腸障害,悪心,9,219,2,219
胃腸障害,口腔粘膜紅斑,9,219,2,219
胃腸障害,舌そう痒症,9,219,1,219
胃腸障害,腹部不快感,6,219,0,219
胃腸障害,上腹部痛,6,219,1,219
胃腸障害,下痢,5,219,5,219
胃腸障害,胃炎,5,219,3,219
胃腸障害,口唇浮腫,5,219,0,219
胃腸障害,口唇炎,4,219,3,219
胃腸障害,齲歯,3,219,7,219
胃腸障害,口腔内痛,3,219,0,219
胃腸障害,舌腫脹,3,219,0,219
耳および迷路障害,耳鳴,1,219,0,219
耳および迷路障害,内耳障害,1,219,0,219
呼吸器、胸郭および縦隔障害,カタル,1,219,0,219
呼吸器、胸郭および縦隔障害,咽喉乾燥,1,219,0,219
胃腸障害,アフタ性口内炎,1,219,2,219
呼吸器、胸郭および縦隔障害,鼻の炎症,1,219,0,219
呼吸器、胸郭および縦隔障害,鼻閉塞,1,219,0,219
呼吸器、胸郭および縦隔障害,鼻そう痒症,1,219,0,219
胃腸障害,下腹部痛,1,219,0,219
胃腸障害,消化不良,1,219,0,219
胃腸障害,小腸炎,1,219,0,219
胃腸障害,腸炎,1,219,0,219
胃腸障害,おくび,1,219,0,219
胃腸障害,舌炎,1,219,0,219
胃腸障害,口唇痛,1,219,0,219
胃腸障害,食道痛,1,219,0,219
胃腸障害,唾液腺結石,1,219,0,219
胃腸障害,便秘,0,219,1,219
胃腸障害,食中毒,0,219,1,219
胃腸障害,胃食道逆流性疾患,0,219,2,219
胃腸障害,消化器痛,0,219,1,219
胃腸障害,歯肉出血,0,219,1,219
胃腸障害,軟便,0,219,1,219
皮膚および皮下組織障害,湿疹,11,219,17,219
皮膚および皮下組織障害,ざ瘡,7,219,7,219
皮膚および皮下組織障害,蕁麻疹,7,219,10,219
皮膚および皮下組織障害,汗疹,4,219,0,219
皮膚および皮下組織障害,発疹,4,219,2,219
皮膚および皮下組織障害,接触性皮膚炎,2,219,1,219
皮膚および皮下組織障害,そう痒症,2,219,5,219
胃腸障害,過剰歯,1,219,0,219
胃腸障害,口唇水疱,1,219,0,219
皮膚および皮下組織障害,アトピー性皮膚炎,1,219,4,219
胃腸障害,食道不快感,1,219,0,219
胃腸障害,アセトン血性嘔吐症,1,219,0,219
皮膚および皮下組織障害,皮脂欠乏性湿疹,1,219,3,219
皮膚および皮下組織障害,寒冷蕁麻疹,1,219,0,219
皮膚および皮下組織障害,皮膚嚢腫,0,219,1,219
皮膚および皮下組織障害,脂漏性皮膚炎,0,219,1,219
筋骨格系および結合組織障害,関節痛,2,219,2,219
筋骨格系および結合組織障害,背部痛,1,219,1,219
皮膚および皮下組織障害,皮膚炎,1,219,0,219
皮膚および皮下組織障害,皮膚乾燥,1,219,0,219
皮膚および皮下組織障害,異汗性湿疹,1,219,0,219
筋骨格系および結合組織障害,関節炎,0,219,1,219
筋骨格系および結合組織障害,筋痙縮,0,219,1,219
筋骨格系および結合組織障害,筋肉痛,0,219,1,219
筋骨格系および結合組織障害,骨端症,0,219,1,219
筋骨格系および結合組織障害,四肢痛,0,219,1,219
筋骨格系および結合組織障害,リウマチ熱,0,219,1,219
皮膚および皮下組織障害,手皮膚炎,1,219,0,219
筋骨格系および結合組織障害,骨障害,1,219,0,219
筋骨格系および結合組織障害,顎関節症候群,1,219,0,219
生殖系および乳房障害,月経困難症,0,219,1,219
一般・全身障害および投与部位の状態,発熱,10,219,4,219
一般・全身障害および投与部位の状態,胸部不快感,4,219,1,219
筋骨格系および結合組織障害,腱炎,1,219,0,219
腎および尿路障害,蛋白尿,1,219,0,219
腎および尿路障害,尿閉,1,219,0,219
生殖系および乳房障害,亀頭包皮炎,1,219,0,219
一般・全身障害および投与部位の状態,無力症,1,219,0,219
一般・全身障害および投与部位の状態,顔面痛,1,219,0,219
一般・全身障害および投与部位の状態,嚢胞,0,219,1,219
一般・全身障害および投与部位の状態,異常感,0,219,1,219
一般・全身障害および投与部位の状態,圧痛,0,219,1,219
一般・全身障害および投与部位の状態,口渇,0,219,1,219
一般・全身障害および投与部位の状態,医療機器による疼痛,0,219,1,219
一般・全身障害および投与部位の状態,異物感,0,219,1,219
一般・全身障害および投与部位の状態,倦怠感,1,219,0,219
一般・全身障害および投与部位の状態,苦悶感,1,219,0,219
一般・全身障害および投与部位の状態,末梢腫脹,1,219,0,219
臨床検査,アラニンアミノトランスフェラーゼ増加,1,219,0,219
臨床検査,アスパラギン酸アミノトランスフェラーゼ増加,1,219,0,219
臨床検査,尿中血陽性,0,219,2,219
臨床検査,ヘモグロビン減少,0,219,1,219
臨床検査,白血球数増加,0,219,1,219
臨床検査,尿中蛋白陽性,0,219,3,219
傷害、中毒および処置合併症,靱帯捻挫,8,219,3,219
傷害、中毒および処置合併症,節足動物刺傷,4,219,3,219
傷害、中毒および処置合併症,手骨折,4,219,0,219
臨床検査,血中ビリルビン増加,1,219,0,219
傷害、中毒および処置合併症,擦過傷,3,219,2,219
傷害、中毒および処置合併症,挫傷,3,219,5,219
傷害、中毒および処置合併症,剥離骨折,3,219,0,219
傷害、中毒および処置合併症,熱中症,3,219,0,219
臨床検査,好中球数減少,1,219,0,219
傷害、中毒および処置合併症,四肢損傷,2,219,1,219
傷害、中毒および処置合併症,体内異物,2,219,1,219
傷害、中毒および処置合併症,足関節部骨折,1,219,0,219
傷害、中毒および処置合併症,気圧性中耳炎,1,219,0,219
傷害、中毒および処置合併症,眼内異物,1,219,0,219
傷害、中毒および処置合併症,骨折,1,219,0,219
傷害、中毒および処置合併症,爪裂離,1,219,0,219
傷害、中毒および処置合併症,末梢神経損傷,1,219,0,219
傷害、中毒および処置合併症,引っかき傷,1,219,0,219
傷害、中毒および処置合併症,皮下血腫,1,219,0,219
傷害、中毒および処置合併症,手首関節骨折,1,219,1,219
傷害、中毒および処置合併症,口腔内損傷,1,219,4,219
傷害、中毒および処置合併症,歯肉損傷,1,219,0,219
傷害、中毒および処置合併症,創傷,1,219,2,219
傷害、中毒および処置合併症,口唇損傷,1,219,1,219
傷害、中毒および処置合併症,皮膚擦過傷,1,219,2,219
傷害、中毒および処置合併症,凍瘡,0,219,2,219
傷害、中毒および処置合併症,腓骨骨折,0,219,1,219
傷害、中毒および処置合併症,足骨折,0,219,1,219
傷害、中毒および処置合併症,熱射病,0,219,1,219
傷害、中毒および処置合併症,尾骨骨折,0,219,2,219
傷害、中毒および処置合併症,熱傷,0,219,1,219
傷害、中毒および処置合併症,上肢骨折,0,219,1,219
傷害、中毒および処置合併症,骨挫傷,0,219,1,219