"Brand","Symptom","Freq"
"バファリンA","ズキンズキン痛む",35
"バファリンA","ガンガン痛む",5
"バファリンA","キリキリ痛む",5
"バファリンA","ドーンと痛む",3
"バファリンA","ジワーッと痛む",9
"バファリンA","ギューッと痛む",4
"バファリンA","締め付けられるように痛む",4
"バファリンA","脈にあわせて痛む",14
"バファリンA","鈍痛がある",8
"バファリンA","頭の一部が敏感になる",1
"バファリンA","痛みの前兆症状がある（チカチカ光るなど）",1
"バファリンA","予兆予感を感じる_眠気だるさなど",5
"バファリンA","吐き気や嘔吐をともなう",9
"バファリンA","肩や首筋がこっている",20
"バファリンA","手足がしびれる",0
"バファリンA","体を動かすと痛みが増す",6
"バファリンA","温めると痛みが増す",2
"バファリンA","飲酒により痛みが増す",5
"バファリンA","マッサージや指圧で痛みが増す",3
"バファリンA","その他",0
"イブA錠","ズキンズキン痛む",39
"イブA錠","ガンガン痛む",13
"イブA錠","キリキリ痛む",5
"イブA錠","ドーンと痛む",7
"イブA錠","ジワーッと痛む",6
"イブA錠","ギューッと痛む",10
"イブA錠","締め付けられるように痛む",10
"イブA錠","脈にあわせて痛む",17
"イブA錠","鈍痛がある",14
"イブA錠","頭の一部が敏感になる",3
"イブA錠","痛みの前兆症状がある（チカチカ光るなど）",7
"イブA錠","予兆予感を感じる_眠気だるさなど",7
"イブA錠","吐き気や嘔吐をともなう",8
"イブA錠","肩や首筋がこっている",25
"イブA錠","手足がしびれる",5
"イブA錠","体を動かすと痛みが増す",5
"イブA錠","温めると痛みが増す",4
"イブA錠","飲酒により痛みが増す",1
"イブA錠","マッサージや指圧で痛みが増す",1
"イブA錠","その他",0
"新セデス錠","ズキンズキン痛む",31
"新セデス錠","ガンガン痛む",13
"新セデス錠","キリキリ痛む",6
"新セデス錠","ドーンと痛む",2
"新セデス錠","ジワーッと痛む",11
"新セデス錠","ギューッと痛む",5
"新セデス錠","締め付けられるように痛む",10
"新セデス錠","脈にあわせて痛む",8
"新セデス錠","鈍痛がある",10
"新セデス錠","頭の一部が敏感になる",3
"新セデス錠","痛みの前兆症状がある（チカチカ光るなど）",4
"新セデス錠","予兆予感を感じる_眠気だるさなど",5
"新セデス錠","吐き気や嘔吐をともなう",10
"新セデス錠","肩や首筋がこっている",24
"新セデス錠","手足がしびれる",3
"新セデス錠","体を動かすと痛みが増す",5
"新セデス錠","温めると痛みが増す",2
"新セデス錠","飲酒により痛みが増す",2
"新セデス錠","マッサージや指圧で痛みが増す",0
"新セデス錠","その他",1
"セデスハイ","ズキンズキン痛む",39
"セデスハイ","ガンガン痛む",17
"セデスハイ","キリキリ痛む",7
"セデスハイ","ドーンと痛む",5
"セデスハイ","ジワーッと痛む",5
"セデスハイ","ギューッと痛む",11
"セデスハイ","締め付けられるように痛む",12
"セデスハイ","脈にあわせて痛む",16
"セデスハイ","鈍痛がある",15
"セデスハイ","頭の一部が敏感になる",2
"セデスハイ","痛みの前兆症状がある（チカチカ光るなど）",6
"セデスハイ","予兆予感を感じる_眠気だるさなど",9
"セデスハイ","吐き気や嘔吐をともなう",19
"セデスハイ","肩や首筋がこっている",22
"セデスハイ","手足がしびれる",2
"セデスハイ","体を動かすと痛みが増す",11
"セデスハイ","温めると痛みが増す",4
"セデスハイ","飲酒により痛みが増す",3
"セデスハイ","マッサージや指圧で痛みが増す",2
"セデスハイ","その他",1
"セデスV","ズキンズキン痛む",25
"セデスV","ガンガン痛む",13
"セデスV","キリキリ痛む",9
"セデスV","ドーンと痛む",6
"セデスV","ジワーッと痛む",11
"セデスV","ギューッと痛む",11
"セデスV","締め付けられるように痛む",15
"セデスV","脈にあわせて痛む",19
"セデスV","鈍痛がある",14
"セデスV","頭の一部が敏感になる",2
"セデスV","痛みの前兆症状がある（チカチカ光るなど）",5
"セデスV","予兆予感を感じる_眠気だるさなど",11
"セデスV","吐き気や嘔吐をともなう",14
"セデスV","肩や首筋がこっている",24
"セデスV","手足がしびれる",6
"セデスV","体を動かすと痛みが増す",8
"セデスV","温めると痛みが増す",3
"セデスV","飲酒により痛みが増す",6
"セデスV","マッサージや指圧で痛みが増す",3
"セデスV","その他",0
"セデスキュア","ズキンズキン痛む",32
"セデスキュア","ガンガン痛む",8
"セデスキュア","キリキリ痛む",5
"セデスキュア","ドーンと痛む",7
"セデスキュア","ジワーッと痛む",15
"セデスキュア","ギューッと痛む",10
"セデスキュア","締め付けられるように痛む",13
"セデスキュア","脈にあわせて痛む",12
"セデスキュア","鈍痛がある",13
"セデスキュア","頭の一部が敏感になる",5
"セデスキュア","痛みの前兆症状がある（チカチカ光るなど）",4
"セデスキュア","予兆予感を感じる_眠気だるさなど",7
"セデスキュア","吐き気や嘔吐をともなう",6
"セデスキュア","肩や首筋がこっている",17
"セデスキュア","手足がしびれる",6
"セデスキュア","体を動かすと痛みが増す",7
"セデスキュア","温めると痛みが増す",4
"セデスキュア","飲酒により痛みが増す",1
"セデスキュア","マッサージや指圧で痛みが増す",0
"セデスキュア","その他",0
"ノーシン錠","ズキンズキン痛む",32
"ノーシン錠","ガンガン痛む",10
"ノーシン錠","キリキリ痛む",6
"ノーシン錠","ドーンと痛む",3
"ノーシン錠","ジワーッと痛む",13
"ノーシン錠","ギューッと痛む",9
"ノーシン錠","締め付けられるように痛む",10
"ノーシン錠","脈にあわせて痛む",10
"ノーシン錠","鈍痛がある",11
"ノーシン錠","頭の一部が敏感になる",2
"ノーシン錠","痛みの前兆症状がある（チカチカ光るなど）",3
"ノーシン錠","予兆予感を感じる_眠気だるさなど",5
"ノーシン錠","吐き気や嘔吐をともなう",6
"ノーシン錠","肩や首筋がこっている",19
"ノーシン錠","手足がしびれる",8
"ノーシン錠","体を動かすと痛みが増す",4
"ノーシン錠","温めると痛みが増す",2
"ノーシン錠","飲酒により痛みが増す",1
"ノーシン錠","マッサージや指圧で痛みが増す",2
"ノーシン錠","その他",0
"ノーシンピュア","ズキンズキン痛む",38
"ノーシンピュア","ガンガン痛む",7
"ノーシンピュア","キリキリ痛む",8
"ノーシンピュア","ドーンと痛む",8
"ノーシンピュア","ジワーッと痛む",5
"ノーシンピュア","ギューッと痛む",7
"ノーシンピュア","締め付けられるように痛む",10
"ノーシンピュア","脈にあわせて痛む",16
"ノーシンピュア","鈍痛がある",12
"ノーシンピュア","頭の一部が敏感になる",4
"ノーシンピュア","痛みの前兆症状がある（チカチカ光るなど）",5
"ノーシンピュア","予兆予感を感じる_眠気だるさなど",10
"ノーシンピュア","吐き気や嘔吐をともなう",12
"ノーシンピュア","肩や首筋がこっている",25
"ノーシンピュア","手足がしびれる",2
"ノーシンピュア","体を動かすと痛みが増す",7
"ノーシンピュア","温めると痛みが増す",1
"ノーシンピュア","飲酒により痛みが増す",4
"ノーシンピュア","マッサージや指圧で痛みが増す",1
"ノーシンピュア","その他",0
"ナロンエース","ズキンズキン痛む",40
"ナロンエース","ガンガン痛む",16
"ナロンエース","キリキリ痛む",5
"ナロンエース","ドーンと痛む",4
"ナロンエース","ジワーッと痛む",11
"ナロンエース","ギューッと痛む",9
"ナロンエース","締め付けられるように痛む",14
"ナロンエース","脈にあわせて痛む",17
"ナロンエース","鈍痛がある",10
"ナロンエース","頭の一部が敏感になる",2
"ナロンエース","痛みの前兆症状がある（チカチカ光るなど）",3
"ナロンエース","予兆予感を感じる_眠気だるさなど",6
"ナロンエース","吐き気や嘔吐をともなう",12
"ナロンエース","肩や首筋がこっている",23
"ナロンエース","手足がしびれる",1
"ナロンエース","体を動かすと痛みが増す",5
"ナロンエース","温めると痛みが増す",0
"ナロンエース","飲酒により痛みが増す",1
"ナロンエース","マッサージや指圧で痛みが増す",2
"ナロンエース","その他",1
"リングルアイビー","ズキンズキン痛む",30
"リングルアイビー","ガンガン痛む",10
"リングルアイビー","キリキリ痛む",2
"リングルアイビー","ドーンと痛む",3
"リングルアイビー","ジワーッと痛む",12
"リングルアイビー","ギューッと痛む",9
"リングルアイビー","締め付けられるように痛む",12
"リングルアイビー","脈にあわせて痛む",21
"リングルアイビー","鈍痛がある",16
"リングルアイビー","頭の一部が敏感になる",4
"リングルアイビー","痛みの前兆症状がある（チカチカ光るなど）",5
"リングルアイビー","予兆予感を感じる_眠気だるさなど",9
"リングルアイビー","吐き気や嘔吐をともなう",11
"リングルアイビー","肩や首筋がこっている",29
"リングルアイビー","手足がしびれる",3
"リングルアイビー","体を動かすと痛みが増す",9
"リングルアイビー","温めると痛みが増す",2
"リングルアイビー","飲酒により痛みが増す",3
"リングルアイビー","マッサージや指圧で痛みが増す",0
"リングルアイビー","その他",0
